{
  "name": "simple-dtpicker",
  "version": "1.11.0",
  "title": "jquery-simple-datetimepicker",
  "author": {
    "name": "Masanori Ohgita",
    "url": "http://ohgita.info/"
  },
  "licenses": [
    {
      "type": "MIT",
      "url": "http://opensource.org/licenses/MIT"
    }
  ],
  "dependencies": {
    "jquery": ">=1.7.2"
  },
  "description": "Date and time picker, it's simple & clean. (jQuery plugin)",
  "keywords": [
    "date",
    "time",
    "picker",
    "input",
    "form",
    "datepicker",
    "timepicker"
  ],
  "docs": "https://github.com/mugifly/jquery-simple-datetimepicker/blob/master/README.md",
  "demo": "http://mugifly.github.com/jquery-simple-datetimepicker/jquery.simple-dtpicker.html",
  "bugs": {
    "url": "https://github.com/mugifly/jquery-simple-datetimepicker/issues"
  },
  "homepage": "https://github.com/mugifly/jquery-simple-datetimepicker"
}